{"epoch/accuracy":0.9945861101150513,"epoch/learning_rate":0.0036707317922264338,"epoch/val_loss":2.638019323348999,"_wandb":{"runtime":16},"epoch/epoch":19,"_timestamp":1.7551615143141398e+09,"_runtime":16,"epoch/val_accuracy":0.7679989337921143,"_step":19,"epoch/loss":0.023292088881134987}