{"_step":19,"epoch/val_loss":1.2411541938781738,"epoch/accuracy":0.9852983355522156,"epoch/learning_rate":3.5578432289185e-05,"_wandb":{"runtime":23},"epoch/epoch":19,"_runtime":23,"_timestamp":1.7551599728338027e+09,"epoch/loss":0.0408676341176033,"epoch/val_accuracy":0.7572195529937744}