{"epoch/val_loss":1.3008885383605957,"epoch/accuracy":0.9894421100616455,"epoch/epoch":19,"_timestamp":1.7551623097659874e+09,"epoch/val_accuracy":0.7752295732498169,"_wandb":{"runtime":18},"_runtime":18,"epoch/learning_rate":0.0003762830747291446,"_step":19,"epoch/loss":0.033015575259923935}