{"_step":29,"_timestamp":1.7551589026870556e+09,"epoch/val_loss":2.4697110652923584,"_runtime":21,"epoch/loss":0.04556266590952873,"_wandb":{"runtime":21},"epoch/learning_rate":0.0003139814070891589,"epoch/accuracy":0.9928555488586426,"epoch/epoch":29,"epoch/val_accuracy":0.7526061534881592}