{"epoch/loss":0.013041386380791664,"epoch/learning_rate":0.0018305067205801606,"epoch/val_accuracy":0.7553564310073853,"epoch/val_loss":1.4835799932479858,"epoch/epoch":39,"_wandb":{"runtime":91},"_runtime":91,"_step":39,"_timestamp":1.7551605022550778e+09,"epoch/accuracy":0.9953719973564148}