{"epoch/val_accuracy":0.7580180168151855,"_runtime":54,"epoch/accuracy":0.9776061177253723,"epoch/epoch":19,"_wandb":{"runtime":54},"epoch/val_loss":0.9053551554679871,"_timestamp":1.755158522633821e+09,"epoch/learning_rate":0.0006715236231684685,"_step":19,"epoch/loss":0.0682295709848404}