{"epoch/val_loss":1.3240083456039429,"epoch/loss":0.029863720759749413,"epoch/val_accuracy":0.753227174282074,"_runtime":6,"epoch/epoch":9,"_timestamp":1.7551601078845284e+09,"_wandb":{"runtime":6},"epoch/accuracy":0.9903311729431152,"_step":9,"epoch/learning_rate":0.0007725328905507922}