{"epoch/loss":0.047440700232982635,"epoch/val_accuracy":0.7419154644012451,"_timestamp":1.7551615511938412e+09,"epoch/accuracy":0.9822182655334473,"epoch/val_loss":1.1140295267105103,"_wandb":{"runtime":32},"epoch/epoch":19,"_step":19,"epoch/learning_rate":1.8097205611411482e-05,"_runtime":32}