{"_runtime":6,"epoch/val_loss":0.8439503908157349,"epoch/val_accuracy":0.7504324913024902,"epoch/learning_rate":0.0017904214328154922,"_timestamp":1.7551607352090306e+09,"epoch/loss":0.12415330857038498,"_step":9,"_wandb":{"runtime":6},"epoch/accuracy":0.9615073204040527,"epoch/epoch":9}