{"epoch/val_loss":1.282387137413025,"epoch/accuracy":0.9831311702728271,"_timestamp":1.7551619965040486e+09,"epoch/learning_rate":5.923852586420253e-05,"_step":19,"epoch/loss":0.04601403325796127,"epoch/epoch":19,"_wandb":{"runtime":28},"_runtime":28,"epoch/val_accuracy":0.7506542801856995}