{"epoch/accuracy":0.9966421127319336,"epoch/val_accuracy":0.7840127944946289,"_wandb":{"runtime":86},"epoch/learning_rate":0.0005209989612922072,"_step":29,"epoch/loss":0.010235502384603024,"_runtime":86,"epoch/val_loss":2.353705883026123,"_timestamp":1.7551614902319932e+09,"epoch/epoch":29}