{"epoch/val_loss":1.3985402584075928,"epoch/epoch":39,"epoch/accuracy":0.9941653609275818,"_wandb":{"runtime":26},"_step":39,"epoch/learning_rate":0.00130508653819561,"epoch/val_accuracy":0.78183913230896,"_runtime":26,"epoch/loss":0.016635024920105934,"_timestamp":1.7551597206248505e+09}