{"epoch/loss":0.2777129113674164,"epoch/learning_rate":3.747201117221266e-05,"_timestamp":1.7551600969327805e+09,"_runtime":22,"epoch/val_accuracy":0.7492347955703735,"_step":19,"epoch/accuracy":0.8959530591964722,"epoch/val_loss":0.5041372776031494,"epoch/epoch":19,"_wandb":{"runtime":22}}