{"epoch/accuracy":0.9833375811576843,"epoch/loss":0.05387933552265167,"_runtime":7,"epoch/val_loss":1.3179179430007935,"epoch/epoch":9,"_step":9,"epoch/val_accuracy":0.7518963813781738,"_wandb":{"runtime":7},"epoch/learning_rate":7.587688014609739e-05,"_timestamp":1.7551592730715132e+09}