{"epoch/epoch":19,"epoch/val_loss":2.2770586013793945,"_wandb":{"runtime":13},"_step":19,"_timestamp":1.7551611453918474e+09,"epoch/learning_rate":0.00020573014626279473,"epoch/val_accuracy":0.7687087059020996,"_runtime":13,"epoch/accuracy":0.991974413394928,"epoch/loss":0.036638692021369934}