{"_runtime":15,"epoch/epoch":19,"_step":19,"epoch/learning_rate":0.0023558284156024456,"epoch/val_loss":1.906422734260559,"epoch/loss":0.021122807636857033,"_timestamp":1.7551582852686749e+09,"epoch/val_accuracy":0.7490573525428772,"_wandb":{"runtime":15},"epoch/accuracy":0.9925141930580139}