{"epoch/val_accuracy":0.7462183237075806,"epoch/val_loss":1.3642305135726929,"_wandb":{"runtime":26},"epoch/learning_rate":0.0002130786597263068,"epoch/epoch":29,"_runtime":26,"epoch/accuracy":0.988838791847229,"epoch/loss":0.033914729952812195,"_step":29,"_timestamp":1.7551621417644463e+09}