{"epoch/val_accuracy":0.7835248112678528,"epoch/epoch":19,"_timestamp":1.7551606474955163e+09,"epoch/accuracy":0.9954672455787659,"epoch/val_loss":2.2442357540130615,"epoch/learning_rate":0.00043620564974844456,"epoch/loss":0.014242388308048248,"_runtime":44,"_wandb":{"runtime":44},"_step":19}