{"_step":9,"epoch/epoch":9,"_wandb":{"runtime":26},"epoch/val_loss":2.3067545890808105,"epoch/val_accuracy":0.7822827696800232,"epoch/loss":0.028980903327465057,"epoch/learning_rate":0.0030140462331473827,"_runtime":26,"epoch/accuracy":0.9917759299278259,"_timestamp":1.755158264481702e+09}