{"epoch/loss":0.07700687646865845,"epoch/val_loss":0.8306118249893188,"epoch/accuracy":0.9750261902809143,"_wandb":{"runtime":8},"epoch/val_accuracy":0.7486581206321716,"_runtime":8,"epoch/epoch":9,"epoch/learning_rate":1.5961522876750678e-05,"_step":9,"_timestamp":1.755158648735313e+09}