{"_step":19,"epoch/epoch":19,"epoch/learning_rate":0.00026492157485336065,"_wandb":{"runtime":17},"_runtime":17,"epoch/accuracy":0.9880608320236206,"epoch/val_accuracy":0.7726123332977295,"epoch/loss":0.03598737344145775,"_timestamp":1.7551620269470484e+09,"epoch/val_loss":1.307962417602539}