{"epoch/loss":0.024147018790245056,"epoch/val_loss":1.3315110206604004,"_wandb":{"runtime":22},"epoch/learning_rate":0.0011697151931002736,"_runtime":22,"epoch/val_accuracy":0.7682650685310364,"epoch/accuracy":0.9923474788665771,"epoch/epoch":19,"_timestamp":1.7551595274434264e+09,"_step":19}