{"_timestamp":1.7551602760276842e+09,"epoch/val_accuracy":0.7594375014305115,"epoch/loss":0.030932586640119553,"_step":29,"epoch/val_loss":1.420802354812622,"epoch/accuracy":0.9919426441192627,"epoch/learning_rate":0.0008808153215795755,"epoch/epoch":29,"_wandb":{"runtime":64},"_runtime":64}