{"_timestamp":1.755159814983636e+09,"_step":19,"epoch/val_loss":3.474736452102661,"epoch/accuracy":0.9858222603797913,"epoch/val_accuracy":0.7629419565200806,"epoch/epoch":19,"epoch/loss":0.1364486664533615,"_wandb":{"runtime":43},"epoch/learning_rate":0.00010792887769639492,"_runtime":43}