{"epoch/loss":0.018079565837979317,"epoch/learning_rate":0.0005375907639972866,"epoch/accuracy":0.9933794736862183,"epoch/val_loss":2.9424638748168945,"epoch/epoch":39,"_runtime":27,"_step":39,"epoch/val_accuracy":0.7884930968284607,"_wandb":{"runtime":27},"_timestamp":1.7551586371419888e+09}