{"epoch/val_accuracy":0.7567315697669983,"_runtime":56,"_timestamp":1.7551619095975811e+09,"epoch/accuracy":0.9958562254905701,"epoch/learning_rate":0.0002733442233875394,"epoch/loss":0.01843247376382351,"epoch/val_loss":2.4048237800598145,"_wandb":{"runtime":56},"epoch/epoch":39,"_step":39}