{"epoch/epoch":9,"_step":9,"epoch/val_accuracy":0.7416936755180359,"epoch/learning_rate":0.00037352429353632033,"epoch/val_loss":0.7617817521095276,"epoch/accuracy":0.9428682327270508,"_timestamp":1.7551617580536745e+09,"epoch/loss":0.1667499542236328,"_runtime":13,"_wandb":{"runtime":13}}