{"_timestamp":1.7551588765341773e+09,"epoch/accuracy":0.9772012829780579,"epoch/val_accuracy":0.7519850730895996,"_runtime":68,"epoch/learning_rate":2.1619678591378033e-05,"epoch/loss":0.06412608176469803,"_step":29,"epoch/val_loss":1.1526861190795898,"_wandb":{"runtime":68},"epoch/epoch":29}