{"epoch/accuracy":0.9944273233413696,"epoch/val_accuracy":0.7480814456939697,"_timestamp":1.7551611240973701e+09,"epoch/epoch":19,"_step":19,"epoch/val_loss":3.5704944133758545,"_runtime":45,"epoch/loss":0.04633496329188347,"_wandb":{"runtime":45},"epoch/learning_rate":0.00043987881508655846}