{"epoch/val_loss":1.2885034084320068,"epoch/loss":0.01664290949702263,"epoch/accuracy":0.993998646736145,"_wandb":{"runtime":17},"_step":19,"epoch/epoch":19,"_runtime":17,"_timestamp":1.7551613523611383e+09,"epoch/val_accuracy":0.7758949398994446,"epoch/learning_rate":0.009249855764210224}