{"_runtime":13,"epoch/val_loss":1.29240083694458,"epoch/loss":0.020552093163132668,"epoch/val_accuracy":0.7689748406410217,"epoch/learning_rate":0.0005765653331764042,"epoch/accuracy":0.9934350252151489,"epoch/epoch":19,"_wandb":{"runtime":13},"_step":19,"_timestamp":1.7551602930803971e+09}