{"epoch/val_loss":1.952906847000122,"epoch/epoch":19,"_step":19,"_wandb":{"runtime":49},"epoch/val_accuracy":0.7440447211265564,"epoch/learning_rate":0.008792242035269737,"epoch/accuracy":0.989203929901123,"_timestamp":1.7551617315497553e+09,"_runtime":49,"epoch/loss":0.0316612608730793}